{
    "read": "keyword",
    "write": "keyword",
    "if": "keyword",
    "else": "keyword",
    "repeat": "keyword",
    "until": "keyword",
    "for": "keyword",
    "while": "keyword",
    "endwhile": "keyword",
    "endfor": "keyword",
    "endif": "keyword",
    ":=": "operator",
    "<": "operator",
    "=": "operator",
    ">": "operator",
    "<=": "operator",
    ">=": "operator",
    "<>": "operator",
    "+": "operator",
    "-": "operator",
    "*": "operator",
    "/": "operator",
    "%": "operator",
    "^": "operator",
    "++": "operator",
    "--": "operator",
    "|": "operator",
    "&": "operator",
    "#": "operator",
    "?": "operator",
    "==": "operator",
    "(": "separator",
    ")": "separator",
    ";": "separator"
}
